player_id,name,team,opp,pos,group,pos_rank,kickoff_ch,game_id,team_spread,implied,mu_base,prior,n_games,env,matchup,mu_fp,lam_int,lam_fr,p_play,status,injury,fp_last3,xfp_last3,snap_last,snap_avg,role_alarm,luck_gap,qb_change,note,sleeper_ppr,boost,boost_src,er,p_int,p10,p90,p_low,risk,flags,calib_n
00-0027940,Von Miller,DAL,TB,LB,LB,2,2026-10-09 02:15:00+02:00,2026_05_TB_DAL,8.500,28.000,1.810,3.324,4,1.000,1.059,2.026,0.033,0.029,0.990,,,0.333,0.000,0.250,0.237,False,,False,Gegner ohne QB1 (INT-Rate ×1.3),,3.000,fehlt (3.0 angenommen),0.479,0.032,0.000,1.118,0.637,hoch,Gegner ohne QB1 (INT-Rate ×1.3),285
00-0029692,Bryan Anger,DAL,TB,P,P,1,2026-10-09 02:15:00+02:00,2026_05_TB_DAL,8.500,28.000,15.351,11.729,4,0.927,1.005,14.307,0.000,0.000,0.990,,,8.800,,,,False,,False,,,3.000,Pool,1.087,0.000,0.417,1.868,0.145,tief,,32
00-0031957,Rakeem Nunez-Roches,TB,DAL,DL,DL,3,2026-10-09 02:15:00+02:00,2026_05_TB_DAL,-8.500,19.500,1.728,1.800,3,1.000,0.892,1.535,0.004,0.021,0.990,,,1.333,,0.320,0.305,False,,False,,,3.000,fehlt (3.0 angenommen),0.402,0.004,0.000,0.963,0.675,hoch,,285
00-0032399,Miles Killebrew,TB,DAL,DB,DB,2,2026-10-09 02:15:00+02:00,2026_05_TB_DAL,-8.500,19.500,0.635,0.750,2,1.000,1.025,0.543,0.063,0.024,0.990,,,0.500,,0.020,0.000,False,,False,,,3.000,fehlt (3.0 angenommen),0.348,0.061,0.000,0.926,0.793,hoch,,285
00-0032889,A'Shawn Robinson,TB,DAL,DL,DL,1,2026-10-09 02:15:00+02:00,2026_05_TB_DAL,-8.500,19.500,4.338,3.162,4,1.000,0.892,3.806,0.038,0.028,0.990,,,6.667,,0.480,0.513,False,,False,,,2.500,Pool,0.799,0.037,0.000,2.030,0.475,hoch,,285
00-0032943,Riley Dixon,TB,DAL,P,P,1,2026-10-09 02:15:00+02:00,2026_05_TB_DAL,-8.500,19.500,18.344,16.559,3,1.080,0.856,16.964,0.000,0.000,0.990,,,25.733,,,,False,,False,,,1.700,Pool,1.254,0.000,0.465,2.175,0.113,tief,,32
00-0033077,Dak Prescott,DAL,TB,QB,QB,1,2026-10-09 02:15:00+02:00,2026_05_TB_DAL,8.500,28.000,18.190,19.697,4,1.069,1.026,19.951,0.000,0.000,0.990,,,22.267,22.877,1.000,1.000,False,-0.610,False,,,0.100,Pool,3.576,0.000,0.818,6.601,0.071,tief,,28
00-0033120,Kenny Clark,DAL,TB,DL,DL,1,2026-10-09 02:15:00+02:00,2026_05_TB_DAL,8.500,28.000,1.842,2.500,4,1.000,1.029,1.916,0.006,0.019,0.990,,,1.000,,0.640,0.703,False,,False,Gegner ohne QB1 (INT-Rate ×1.3),,3.000,fehlt (3.0 angenommen),0.486,0.006,0.000,1.199,0.616,hoch,Gegner ohne QB1 (INT-Rate ×1.3),285
00-0033877,Malik Hooker,DAL,TB,DB,DB,1,2026-10-09 02:15:00+02:00,2026_05_TB_DAL,8.500,28.000,5.618,2.792,2,1.000,1.085,6.399,0.090,0.022,0.990,,,5.500,,0.730,0.170,False,,False,Gegner ohne QB1 (INT-Rate ×1.3),,3.000,Pool,1.258,0.086,0.081,2.714,0.257,mittel,Gegner ohne QB1 (INT-Rate ×1.3),285
00-0033914,Alex Anzalone,TB,DAL,LB,LB,1,2026-10-09 02:15:00+02:00,2026_05_TB_DAL,-8.500,19.500,5.860,6.422,4,1.000,0.995,5.767,0.037,0.030,0.990,,,3.833,,1.000,1.000,False,,False,,,3.000,Pool,1.138,0.036,0.024,2.522,0.301,mittel,,285
00-0033921,Chris Godwin Jr.,TB,DAL,WR,WR,2,2026-10-09 02:15:00+02:00,2026_05_TB_DAL,-8.500,19.500,4.650,5.645,4,0.942,1.150,4.280,0.000,0.000,0.990,,,3.800,3.547,0.890,0.780,False,0.253,True,QB1 Baker Mayfield fehlt (×0.85),,3.000,Pool,1.265,0.000,0.108,2.537,0.222,mittel,QB-Wechsel; QB1 Baker Mayfield fehlt (×0.85),91
00-0033964,Al-Quadin Muhammad,TB,DAL,LB,LB,2,2026-10-09 02:15:00+02:00,2026_05_TB_DAL,-8.500,19.500,4.785,4.088,4,1.000,0.995,4.729,0.018,0.029,0.990,,,0.333,0.000,0.530,0.493,False,,False,,,3.000,fehlt (3.0 angenommen),0.922,0.018,0.000,2.021,0.358,mittel,,285
00-0034773,Vita Vea,TB,DAL,DL,DL,1,2026-10-09 02:15:00+02:00,2026_05_TB_DAL,-8.500,19.500,2.652,3.662,4,1.000,0.892,2.361,0.003,0.028,0.990,,,2.000,,0.770,0.707,False,,False,,,3.000,fehlt (3.0 angenommen),0.536,0.003,0.000,1.279,0.573,hoch,,285
00-0034855,Baker Mayfield,TB,DAL,QB,QB,1,2026-10-09 02:15:00+02:00,2026_05_TB_DAL,-8.500,19.500,15.758,16.461,3,0.934,1.150,16.917,0.000,0.000,0.000,Out,Thumb,11.700,16.870,0.940,1.000,True,-5.170,True,,,1.400,Pool,0.000,0.000,0.000,0.000,1.000,hoch,Out (Thumb); Rolle↓; QB-Wechsel; Pech -5.2 FP vs xFP,28
00-0034967,Rashan Gary,DAL,TB,LB,LB,1,2026-10-09 02:15:00+02:00,2026_05_TB_DAL,8.500,28.000,5.550,4.953,4,1.000,1.059,5.988,0.033,0.039,0.990,,,3.500,,0.690,0.663,False,,False,Gegner ohne QB1 (INT-Rate ×1.3),,3.000,Pool,1.161,0.033,0.003,2.591,0.299,mittel,Gegner ohne QB1 (INT-Rate ×1.3),285
00-0035254,Anthony Nelson,TB,DAL,LB,LB,2,2026-10-09 02:15:00+02:00,2026_05_TB_DAL,-8.500,19.500,3.701,4.893,4,1.000,0.995,3.617,0.038,0.030,0.990,,,2.833,,0.470,0.313,False,,False,,,3.000,Pool,0.722,0.037,0.000,1.662,0.462,hoch,,285
00-0035358,Chase McLaughlin,TB,DAL,K,K,1,2026-10-09 02:15:00+02:00,2026_05_TB_DAL,-8.500,19.500,7.785,7.962,4,0.950,1.137,7.735,0.000,0.000,0.990,,,9.987,,0.000,0.000,False,,False,QB1 Baker Mayfield fehlt (×0.92),,0.400,Pool,2.489,0.000,0.617,4.710,0.076,tief,QB1 Baker Mayfield fehlt (×0.92),37
00-0035718,Quinnen Williams,DAL,TB,DL,DL,1,2026-10-09 02:15:00+02:00,2026_05_TB_DAL,8.500,28.000,5.912,5.317,4,1.000,1.029,6.215,0.038,0.019,0.990,,,6.833,,0.690,0.740,False,,False,Gegner ohne QB1 (INT-Rate ×1.3),,3.000,Pool,1.252,0.038,0.000,3.006,0.346,mittel,Gegner ohne QB1 (INT-Rate ×1.3),285
00-0035942,Christian Rozeboom,TB,DAL,LB,LB,2,2026-10-09 02:15:00+02:00,2026_05_TB_DAL,-8.500,19.500,5.773,6.000,2,1.000,0.995,5.673,0.041,0.031,0.990,,,2.500,,0.120,0.510,True,,False,,,3.000,fehlt (3.0 angenommen),1.119,0.040,0.014,2.492,0.305,mittel,Rolle↓,285
00-0036358,CeeDee Lamb,DAL,TB,WR,WR,1,2026-10-09 02:15:00+02:00,2026_05_TB_DAL,8.500,28.000,13.998,10.555,4,1.060,0.958,14.226,0.000,0.000,0.990,,,21.600,15.780,0.860,0.793,False,5.820,False,,,0.000,Pool,3.793,0.000,0.740,7.792,0.067,tief,,91
00-0036411,Antoine Winfield Jr.,TB,DAL,DB,DB,1,2026-10-09 02:15:00+02:00,2026_05_TB_DAL,-8.500,19.500,6.121,7.029,4,1.000,1.025,6.145,0.076,0.030,0.000,Out,Rib,3.333,,0.920,0.990,False,,False,,,3.000,Pool,0.000,0.073,0.000,0.000,1.000,hoch,Out (Rib),285
00-0036919,Kenny Gainwell,TB,DAL,RB,RB,2,2026-10-09 02:15:00+02:00,2026_05_TB_DAL,-8.500,19.500,4.984,6.000,4,0.942,1.061,4.682,0.000,0.000,0.990,,,3.733,4.420,0.430,0.423,True,-0.687,True,QB1 Baker Mayfield fehlt (×0.94),,3.000,Pool,1.388,0.000,0.226,2.642,0.168,tief,Rolle↓; QB-Wechsel; QB1 Baker Mayfield fehlt (×0.94),56
00-0036993,Ifeatu Melifonwu,TB,DAL,DB,DB,2,2026-10-09 02:15:00+02:00,2026_05_TB_DAL,-8.500,19.500,2.650,3.200,1,1.000,1.025,2.596,0.070,0.022,0.990,,,1.000,,0.000,,False,,False,,,3.000,fehlt (3.0 angenommen),0.575,0.068,0.000,1.389,0.586,hoch,,285
00-0036997,Javonte Williams,DAL,TB,RB,RB,1,2026-10-09 02:15:00+02:00,2026_05_TB_DAL,8.500,28.000,15.365,13.418,4,1.060,0.909,14.811,0.000,0.000,0.990,,,15.867,16.287,0.740,0.757,False,-0.420,False,,,0.200,Pool,3.632,0.000,0.991,7.059,0.048,tief,,56
00-0037051,Elijah Garcia,DAL,TB,DL,DL,2,2026-10-09 02:15:00+02:00,2026_05_TB_DAL,8.500,28.000,0.804,1.071,1,1.000,1.029,0.857,0.009,0.022,0.990,,,0.000,,0.150,,False,,False,Gegner ohne QB1 (INT-Rate ×1.3),,3.000,fehlt (3.0 angenommen),0.323,0.009,0.000,0.801,0.757,hoch,Gegner ohne QB1 (INT-Rate ×1.3),285
00-0037077,Sam Howell,DAL,TB,QB,QB,2,2026-10-09 02:15:00+02:00,2026_05_TB_DAL,8.500,28.000,4.000,4.000,0,1.069,1.026,4.387,0.000,0.000,0.990,,,,,,,False,,False,,,0.000,0 (noch kein Saisonspiel),0.497,0.000,0.000,1.364,0.609,hoch,keine Spiele 2026,28
00-0037120,Tyler Goodson,DAL,TB,RB,RB,2,2026-10-09 02:15:00+02:00,2026_05_TB_DAL,8.500,28.000,1.196,0.610,2,1.060,0.909,1.153,0.000,0.000,0.990,,,1.450,3.020,0.210,0.150,True,-1.570,False,,,3.000,fehlt (3.0 angenommen),0.653,0.000,0.000,1.386,0.440,hoch,Rolle↓,56
00-0037247,George Pickens,DAL,TB,WR,WR,2,2026-10-09 02:15:00+02:00,2026_05_TB_DAL,8.500,28.000,7.018,6.750,4,1.060,0.958,7.132,0.000,0.000,0.990,,,6.567,9.360,0.860,0.817,True,-2.793,False,,,1.700,Pool,1.979,0.000,0.347,4.066,0.142,tief,Rolle↓,91
00-0037268,Zyon McCollum,TB,DAL,DB,DB,1,2026-10-09 02:15:00+02:00,2026_05_TB_DAL,-8.500,19.500,6.676,5.615,4,1.000,1.025,6.735,0.064,0.041,0.990,,,7.333,,1.000,0.993,False,,False,,,2.000,Pool,1.277,0.062,0.109,2.716,0.249,mittel,,285
00-0037270,Otito Ogbonnia,DAL,TB,DL,DL,1,2026-10-09 02:15:00+02:00,2026_05_TB_DAL,8.500,28.000,2.254,2.464,4,1.000,1.029,2.345,0.007,0.021,0.990,,,2.000,,0.310,0.537,True,,False,Gegner ohne QB1 (INT-Rate ×1.3),,3.000,Pool,0.548,0.007,0.000,1.321,0.574,hoch,Rolle↓; Gegner ohne QB1 (INT-Rate ×1.3),285
00-0037275,DaRon Bland,DAL,TB,DB,DB,1,2026-10-09 02:15:00+02:00,2026_05_TB_DAL,8.500,28.000,6.153,7.500,4,1.000,1.085,7.068,0.116,0.021,0.990,,,4.500,,1.000,0.980,False,,False,Gegner ohne QB1 (INT-Rate ×1.3),,3.000,Pool,1.359,0.110,0.096,2.948,0.235,mittel,Gegner ohne QB1 (INT-Rate ×1.3),285
00-0037310,James Houston,DAL,TB,LB,LB,3,2026-10-09 02:15:00+02:00,2026_05_TB_DAL,8.500,28.000,1.406,2.250,2,1.000,1.059,1.609,0.036,0.040,0.990,,,0.000,,0.000,0.140,False,,False,Gegner ohne QB1 (INT-Rate ×1.3),,3.000,fehlt (3.0 angenommen),0.427,0.035,0.000,1.002,0.691,hoch,Gegner ohne QB1 (INT-Rate ×1.3),285
00-0037311,Ko Kieft,TB,DAL,TE,TE,3,2026-10-09 02:15:00+02:00,2026_05_TB_DAL,-8.500,19.500,0.112,0.150,1,0.942,1.014,0.095,0.000,0.000,0.990,,,0.000,,0.030,,False,,True,QB1 Baker Mayfield fehlt (×0.88),,3.000,fehlt (3.0 angenommen),0.251,0.000,0.000,0.733,0.788,hoch,QB-Wechsel; QB1 Baker Mayfield fehlt (×0.88),38
00-0037561,Markquese Bell,DAL,TB,DB,DB,2,2026-10-09 02:15:00+02:00,2026_05_TB_DAL,8.500,28.000,5.227,2.767,4,1.000,1.085,6.038,0.109,0.021,0.990,,,3.333,,0.180,0.497,True,,False,Gegner ohne QB1 (INT-Rate ×1.3),,3.000,Pool,1.190,0.103,0.053,2.662,0.277,mittel,Rolle↓; Gegner ohne QB1 (INT-Rate ×1.3),285
00-0037692,Brandon Aubrey,DAL,TB,K,K,1,2026-10-09 02:15:00+02:00,2026_05_TB_DAL,8.500,28.000,7.820,9.667,4,1.052,1.150,9.456,0.000,0.000,0.990,,,10.107,,0.000,0.000,False,,False,,,0.800,Pool,3.020,0.000,0.789,5.756,0.062,tief,,37
00-0037801,KaVontae Turpin,DAL,TB,WR,WR,1,2026-10-09 02:15:00+02:00,2026_05_TB_DAL,8.500,28.000,2.696,3.655,4,1.060,0.958,2.740,0.000,0.000,0.990,,,2.633,2.155,0.100,0.130,False,0.478,False,,,3.000,Pool,0.919,0.000,0.000,1.872,0.317,mittel,,91
00-0037839,Cobie Durant,DAL,TB,DB,DB,2,2026-10-09 02:15:00+02:00,2026_05_TB_DAL,8.500,28.000,6.033,5.971,2,1.000,1.085,7.157,0.181,0.031,0.000,Out,Hamstring,4.500,,0.520,0.720,True,,False,Gegner ohne QB1 (INT-Rate ×1.3),,3.000,fehlt (3.0 angenommen),0.000,0.165,0.000,0.000,1.000,hoch,Out (Hamstring); Rolle↓; Gegner ohne QB1 (INT-Rate ×1.3),285
00-0038041,Jake Ferguson,DAL,TB,TE,TE,1,2026-10-09 02:15:00+02:00,2026_05_TB_DAL,8.500,28.000,6.081,6.821,4,1.060,1.150,7.415,0.000,0.000,0.990,,,7.900,5.400,0.710,0.683,True,2.500,False,,,3.000,Pool,1.901,0.000,0.184,4.120,0.184,tief,Rolle↓,38
00-0038129,Cade Otton,TB,DAL,TE,TE,1,2026-10-09 02:15:00+02:00,2026_05_TB_DAL,-8.500,19.500,4.278,4.114,4,0.942,1.014,3.595,0.000,0.000,0.990,,,4.367,4.763,0.950,0.937,False,-0.397,True,QB1 Baker Mayfield fehlt (×0.88),,3.000,Pool,0.967,0.000,0.000,2.078,0.332,mittel,QB-Wechsel; QB1 Baker Mayfield fehlt (×0.88),38
00-0038547,Luke Schoonmaker,DAL,TB,TE,TE,3,2026-10-09 02:15:00+02:00,2026_05_TB_DAL,8.500,28.000,0.858,1.001,3,1.060,1.150,1.046,0.000,0.000,0.990,,,0.700,0.687,0.220,0.255,False,0.013,False,,,3.000,fehlt (3.0 angenommen),0.415,0.000,0.000,1.019,0.631,hoch,,38
00-0038556,DeMarvion Overshown,DAL,TB,LB,LB,1,2026-10-09 02:15:00+02:00,2026_05_TB_DAL,8.500,28.000,4.873,3.000,1,1.000,1.059,5.328,0.050,0.035,0.000,Out,Hamstring,1.000,,0.740,,False,,False,Gegner ohne QB1 (INT-Rate ×1.3),,3.000,fehlt (3.0 angenommen),0.000,0.049,0.000,0.000,1.000,hoch,Out (Hamstring); Gegner ohne QB1 (INT-Rate ×1.3),285
00-0038624,Ameer Speed,DAL,TB,DB,DB,2,2026-10-09 02:15:00+02:00,2026_05_TB_DAL,8.500,28.000,2.438,2.585,1,1.000,1.085,3.080,0.128,0.025,0.990,,,2.000,,0.420,,False,,False,Gegner ohne QB1 (INT-Rate ×1.3),,3.000,fehlt (3.0 angenommen),0.685,0.121,0.000,2.049,0.555,hoch,Gegner ohne QB1 (INT-Rate ×1.3),285
00-0038625,Dee Winters,DAL,TB,LB,LB,1,2026-10-09 02:15:00+02:00,2026_05_TB_DAL,8.500,28.000,6.776,7.206,4,1.000,1.059,7.388,0.064,0.048,0.990,,,8.667,,0.800,0.673,False,,False,Gegner ohne QB1 (INT-Rate ×1.3),,2.400,Pool,1.437,0.062,0.080,3.110,0.245,mittel,Gegner ohne QB1 (INT-Rate ×1.3),285
00-0038705,Emari Demercado,DAL,TB,RB,RB,3,2026-10-09 02:15:00+02:00,2026_05_TB_DAL,8.500,28.000,1.820,2.250,2,1.060,0.909,1.754,0.000,0.000,0.990,,,0.750,1.400,0.160,0.090,False,-0.650,False,,,3.000,fehlt (3.0 angenommen),0.764,0.000,0.000,1.567,0.370,mittel,,56
00-0038738,Hunter Luepke,DAL,TB,RB,RB,1,2026-10-09 02:15:00+02:00,2026_05_TB_DAL,8.500,28.000,0.857,1.411,4,1.060,0.909,0.826,0.000,0.000,0.990,,,0.100,0.290,0.120,0.193,False,-0.190,False,,,3.000,fehlt (3.0 angenommen),0.589,0.000,0.000,1.311,0.488,hoch,,56
00-0038742,Tyrus Wheat,DAL,TB,LB,LB,3,2026-10-09 02:15:00+02:00,2026_05_TB_DAL,8.500,28.000,1.619,1.825,1,1.000,1.059,1.864,0.044,0.033,0.990,,,1.000,,0.040,,False,,False,Gegner ohne QB1 (INT-Rate ×1.3),,3.000,fehlt (3.0 angenommen),0.458,0.043,0.000,1.071,0.665,hoch,Gegner ohne QB1 (INT-Rate ×1.3),285
00-0038951,Sean Tucker,TB,DAL,RB,RB,2,2026-10-09 02:15:00+02:00,2026_05_TB_DAL,-8.500,19.500,4.854,4.839,1,0.942,1.061,4.560,0.000,0.000,0.990,,,7.000,2.800,0.050,,False,,True,QB1 Baker Mayfield fehlt (×0.94),,3.000,Pool,1.358,0.000,0.233,2.550,0.176,tief,QB-Wechsel; QB1 Baker Mayfield fehlt (×0.94),56
00-0039049,SirVocea Dennis,TB,DAL,LB,LB,2,2026-10-09 02:15:00+02:00,2026_05_TB_DAL,-8.500,19.500,3.610,6.000,3,1.000,0.995,3.526,0.038,0.030,0.000,Out,Ankle,0.667,,0.460,0.120,False,,False,,,3.000,fehlt (3.0 angenommen),0.000,0.037,0.000,0.000,1.000,hoch,Out (Ankle),285
00-0039050,Payne Durham,TB,DAL,TE,TE,2,2026-10-09 02:15:00+02:00,2026_05_TB_DAL,-8.500,19.500,0.180,0.180,2,0.942,1.014,0.152,0.000,0.000,0.990,,,0.000,0.325,0.550,0.120,False,-0.325,True,QB1 Baker Mayfield fehlt (×0.88),,3.000,fehlt (3.0 angenommen),0.249,0.000,0.000,0.711,0.793,hoch,QB-Wechsel; QB1 Baker Mayfield fehlt (×0.88),38
00-0039062,Jonathan Mingo,DAL,TB,WR,WR,3,2026-10-09 02:15:00+02:00,2026_05_TB_DAL,8.500,28.000,0.660,0.861,4,1.060,0.958,0.671,0.000,0.000,0.750,Questionable,Illness,0.000,0.577,0.180,0.190,False,-0.577,False,,,3.000,fehlt (3.0 angenommen),0.338,0.000,0.000,0.968,0.696,hoch,Questionable (Illness),91
00-0039063,Calijah Kancey,TB,DAL,DL,DL,1,2026-10-09 02:15:00+02:00,2026_05_TB_DAL,-8.500,19.500,1.048,1.333,4,1.000,0.892,0.928,0.005,0.022,0.990,,,1.000,0.000,0.570,0.647,False,,False,,,3.000,fehlt (3.0 angenommen),0.312,0.005,0.000,0.796,0.756,hoch,,285
00-0039068,Yaya Diaby,TB,DAL,LB,LB,1,2026-10-09 02:15:00+02:00,2026_05_TB_DAL,-8.500,19.500,5.508,5.176,4,1.000,0.995,5.449,0.018,0.029,0.990,,,3.167,,0.600,0.647,False,,False,,,3.000,Pool,1.050,0.018,0.010,2.294,0.313,mittel,,285
00-0039167,Joey Porter Jr.,DAL,TB,DB,DB,1,2026-10-09 02:15:00+02:00,2026_05_TB_DAL,8.500,28.000,5.730,5.821,1,1.000,1.085,6.648,0.128,0.022,0.990,,,0.000,0.000,0.450,,False,,False,Gegner ohne QB1 (INT-Rate ×1.3),,3.000,fehlt (3.0 angenommen),1.287,0.120,0.071,2.838,0.260,mittel,Gegner ohne QB1 (INT-Rate ×1.3),285
00-0039361,Bucky Irving,TB,DAL,RB,RB,1,2026-10-09 02:15:00+02:00,2026_05_TB_DAL,-8.500,19.500,9.811,11.000,4,0.942,1.061,9.217,0.000,0.000,0.990,,,6.967,9.760,0.590,0.637,False,-2.793,True,QB1 Baker Mayfield fehlt (×0.94),,0.900,Pool,2.362,0.000,0.573,4.507,0.089,tief,QB-Wechsel; QB1 Baker Mayfield fehlt (×0.94),56
00-0039387,Caelen Carson,DAL,TB,DB,DB,3,2026-10-09 02:15:00+02:00,2026_05_TB_DAL,8.500,28.000,1.688,2.250,1,1.000,1.085,2.200,0.109,0.024,0.990,,,0.000,,0.270,,False,,False,Gegner ohne QB1 (INT-Rate ×1.3),,3.000,fehlt (3.0 angenommen),0.549,0.103,0.000,1.822,0.646,hoch,Gegner ohne QB1 (INT-Rate ×1.3),285
00-0039410,Ryan Flournoy,DAL,TB,WR,WR,3,2026-10-09 02:15:00+02:00,2026_05_TB_DAL,8.500,28.000,4.027,3.750,4,1.060,0.958,4.092,0.000,0.000,0.990,,,2.733,6.633,0.740,0.710,True,-3.900,False,,,3.000,Pool,1.218,0.000,0.074,2.443,0.246,mittel,Rolle↓; Pech -3.9 FP vs xFP,91
00-0039530,Brevyn Spann-Ford,DAL,TB,TE,TE,2,2026-10-09 02:15:00+02:00,2026_05_TB_DAL,8.500,28.000,0.783,0.894,4,1.060,1.150,0.955,0.000,0.000,0.990,,,0.633,0.555,0.400,0.327,False,0.078,False,,,3.000,fehlt (3.0 angenommen),0.387,0.000,0.000,0.965,0.660,hoch,,38
00-0039589,Kameron Johnson,TB,DAL,WR,WR,1,2026-10-09 02:15:00+02:00,2026_05_TB_DAL,-8.500,19.500,0.440,0.681,4,0.942,1.150,0.405,0.000,0.000,0.990,,,0.100,0.850,0.080,0.033,False,,True,QB1 Baker Mayfield fehlt (×0.85),,3.000,fehlt (3.0 angenommen),0.382,0.000,0.000,0.960,0.652,hoch,QB-Wechsel; QB1 Baker Mayfield fehlt (×0.85),91
00-0039846,Tykee Smith,TB,DAL,DB,DB,1,2026-10-09 02:15:00+02:00,2026_05_TB_DAL,-8.500,19.500,6.779,9.094,4,1.000,1.025,6.849,0.060,0.040,0.990,,,7.333,,0.980,0.973,False,,False,,,2.800,Pool,1.341,0.058,0.126,2.845,0.236,mittel,,285
00-0040008,Shavon Revel Jr.,DAL,TB,DB,DB,3,2026-10-09 02:15:00+02:00,2026_05_TB_DAL,8.500,28.000,3.345,2.786,4,1.000,1.085,3.941,0.092,0.044,0.990,,,2.833,0.000,0.130,0.483,True,,False,Gegner ohne QB1 (INT-Rate ×1.3),,3.000,Pool,0.828,0.088,0.000,2.120,0.447,hoch,Rolle↓; Gegner ohne QB1 (INT-Rate ×1.3),285
00-0040011,Shemar James,DAL,TB,LB,LB,2,2026-10-09 02:15:00+02:00,2026_05_TB_DAL,8.500,28.000,2.524,3.696,3,1.000,1.059,2.795,0.036,0.031,0.990,,,1.000,0.000,0.470,0.435,False,,False,Gegner ohne QB1 (INT-Rate ×1.3),,3.000,fehlt (3.0 angenommen),0.605,0.036,0.000,1.419,0.532,hoch,Gegner ohne QB1 (INT-Rate ×1.3),285
00-0040043,Justin Barron,DAL,TB,LB,LB,3,2026-10-09 02:15:00+02:00,2026_05_TB_DAL,8.500,28.000,0.169,0.225,1,1.000,1.059,0.387,0.062,0.038,0.990,,,0.000,,0.000,,False,,False,Gegner ohne QB1 (INT-Rate ×1.3),,3.000,fehlt (3.0 angenommen),0.362,0.060,0.000,0.975,0.775,hoch,Gegner ohne QB1 (INT-Rate ×1.3),285
00-0040045,Alijah Clark,DAL,TB,DB,DB,3,2026-10-09 02:15:00+02:00,2026_05_TB_DAL,8.500,28.000,1.475,1.222,4,1.000,1.085,1.897,0.088,0.022,0.990,,,1.833,,0.150,0.103,False,,False,Gegner ohne QB1 (INT-Rate ×1.3),,3.000,Pool,0.491,0.084,0.000,1.468,0.680,hoch,Gegner ohne QB1 (INT-Rate ×1.3),285
00-0040089,Kevin Knowles,TB,DAL,DB,DB,2,2026-10-09 02:15:00+02:00,2026_05_TB_DAL,-8.500,19.500,1.012,1.667,4,1.000,1.025,0.953,0.049,0.022,0.990,,,0.000,,0.000,0.000,False,,False,,,3.000,fehlt (3.0 angenommen),0.340,0.048,0.000,0.842,0.785,hoch,,285
00-0040129,Emeka Egbuka,TB,DAL,WR,WR,1,2026-10-09 02:15:00+02:00,2026_05_TB_DAL,-8.500,19.500,7.250,8.538,4,0.942,1.150,6.673,0.000,0.000,0.990,,,4.933,7.447,0.940,0.820,True,-2.513,True,QB1 Baker Mayfield fehlt (×0.85),,2.600,Pool,1.850,0.000,0.331,3.694,0.142,tief,Rolle↓; QB-Wechsel; QB1 Baker Mayfield fehlt (×0.85),91
00-0040143,Jacob Parrish,TB,DAL,DB,DB,1,2026-10-09 02:15:00+02:00,2026_05_TB_DAL,-8.500,19.500,7.225,7.265,3,1.000,1.025,7.210,0.116,0.031,0.990,,,10.500,,0.980,0.655,False,,False,,,1.600,Pool,1.389,0.109,0.125,3.015,0.231,mittel,,285
00-0040158,David Walker,TB,DAL,LB,LB,3,2026-10-09 02:15:00+02:00,2026_05_TB_DAL,-8.500,19.500,2.788,0.508,4,1.000,0.995,2.725,0.028,0.035,0.990,,,6.333,,0.400,0.160,False,,False,,,3.000,Pool,0.589,0.028,0.000,1.344,0.546,hoch,,285
00-0040183,Elijah Roberts,TB,DAL,DL,DL,2,2026-10-09 02:15:00+02:00,2026_05_TB_DAL,-8.500,19.500,2.395,2.206,4,1.000,0.892,2.132,0.003,0.028,0.990,,,3.000,,0.220,0.277,False,,False,,,3.000,Pool,0.511,0.003,0.000,1.224,0.588,hoch,,285
00-0040237,Tez Johnson,TB,DAL,WR,WR,2,2026-10-09 02:15:00+02:00,2026_05_TB_DAL,-8.500,19.500,3.307,3.809,4,0.942,1.150,3.044,0.000,0.000,0.990,,,2.800,3.933,0.560,0.250,True,-1.133,True,QB1 Baker Mayfield fehlt (×0.85),,3.000,Pool,0.959,0.000,0.000,1.915,0.294,mittel,Rolle↓; QB-Wechsel; QB1 Baker Mayfield fehlt (×0.85),91
00-0040384,Elijah Simmons,TB,DAL,DL,DL,2,2026-10-09 02:15:00+02:00,2026_05_TB_DAL,-8.500,19.500,1.369,0.857,2,1.000,0.892,1.214,0.005,0.022,0.990,,,2.500,0.000,0.170,0.150,False,,False,,,3.000,fehlt (3.0 angenommen),0.363,0.005,0.000,0.896,0.718,hoch,,285
00-0040725,Donovan Ezeiruaku,DAL,TB,LB,LB,1,2026-10-09 02:15:00+02:00,2026_05_TB_DAL,8.500,28.000,5.228,3.412,4,1.000,1.059,5.645,0.033,0.029,0.990,,,2.000,,0.750,0.693,False,,False,Gegner ohne QB1 (INT-Rate ×1.3),,3.000,Pool,1.141,0.032,0.002,2.501,0.297,mittel,Gegner ohne QB1 (INT-Rate ×1.3),285
00-0040747,Benjamin Morrison,TB,DAL,DB,DB,1,2026-10-09 02:15:00+02:00,2026_05_TB_DAL,-8.500,19.500,6.188,4.400,2,1.000,1.025,6.254,0.053,0.033,0.000,Out,Quadricep,8.500,,1.000,0.670,False,,False,,,2.400,Pool,0.000,0.052,0.000,0.000,1.000,hoch,Out (Quadricep),285
00-0040865,Caleb Downs,DAL,TB,DB,DB,1,2026-10-09 02:15:00+02:00,2026_05_TB_DAL,8.500,28.000,6.258,6.000,4,1.000,1.085,7.169,0.112,0.024,0.990,,,6.167,,1.000,0.960,False,,False,Gegner ohne QB1 (INT-Rate ×1.3),,3.000,Pool,1.405,0.106,0.144,3.020,0.227,mittel,Gegner ohne QB1 (INT-Rate ×1.3),285
00-0040872,Jaishawn Barham,DAL,TB,LB,LB,2,2026-10-09 02:15:00+02:00,2026_05_TB_DAL,8.500,28.000,5.878,4.000,4,1.000,1.059,6.391,0.050,0.035,0.990,,,6.667,,0.710,0.633,False,,False,Gegner ohne QB1 (INT-Rate ×1.3),,3.000,Pool,1.251,0.049,0.057,2.691,0.269,mittel,Gegner ohne QB1 (INT-Rate ×1.3),285
00-0040880,LT Overton,DAL,TB,DL,DL,2,2026-10-09 02:15:00+02:00,2026_05_TB_DAL,8.500,28.000,0.971,1.019,4,1.000,1.029,1.030,0.009,0.023,0.990,,,0.667,,0.360,0.233,False,,False,Gegner ohne QB1 (INT-Rate ×1.3),,3.000,fehlt (3.0 angenommen),0.339,0.009,0.000,0.842,0.738,hoch,Gegner ohne QB1 (INT-Rate ×1.3),285
00-0040930,Camden Brown,DAL,TB,WR,WR,6,2026-10-09 02:15:00+02:00,2026_05_TB_DAL,8.500,28.000,0.600,0.600,0,1.060,0.958,0.610,0.000,0.000,0.990,,,,,,,False,,False,,,0.000,0 (noch kein Saisonspiel),0.418,0.000,0.000,1.028,0.627,hoch,keine Spiele 2026,91
00-0041031,Rueben Bain Jr.,TB,DAL,LB,LB,1,2026-10-09 02:15:00+02:00,2026_05_TB_DAL,-8.500,19.500,5.609,6.677,2,1.000,0.995,5.525,0.032,0.037,0.990,,,0.500,0.000,0.600,0.640,False,,False,,,3.000,fehlt (3.0 angenommen),1.090,0.032,0.000,2.414,0.315,mittel,,285
00-0041048,Ted Hurst III,TB,DAL,WR,WR,3,2026-10-09 02:15:00+02:00,2026_05_TB_DAL,-8.500,19.500,3.683,2.500,4,0.942,1.150,3.390,0.000,0.000,0.990,,,5.067,6.193,0.400,0.747,True,-1.127,True,QB1 Baker Mayfield fehlt (×0.85),,3.000,Pool,1.058,0.000,0.033,2.133,0.275,mittel,Rolle↓; QB-Wechsel; QB1 Baker Mayfield fehlt (×0.85),91
00-0041057,Keionte Scott,TB,DAL,DB,DB,2,2026-10-09 02:15:00+02:00,2026_05_TB_DAL,-8.500,19.500,5.644,3.615,4,1.000,1.025,5.679,0.063,0.024,0.990,,,4.833,,0.470,0.627,False,,False,,,3.000,Pool,1.107,0.061,0.060,2.415,0.289,mittel,,285
00-0041079,DeMonte Capehart,TB,DAL,DL,DL,2,2026-10-09 02:15:00+02:00,2026_05_TB_DAL,-8.500,19.500,2.500,2.500,0,1.000,0.892,2.219,0.007,0.025,0.990,,,,,,,False,,False,,,0.000,0 (noch kein Saisonspiel),0.529,0.007,0.000,1.274,0.586,hoch,keine Spiele 2026,285
00-0041094,Bauer Sharp,TB,DAL,TE,TE,4,2026-10-09 02:15:00+02:00,2026_05_TB_DAL,-8.500,19.500,0.041,0.075,3,0.942,1.014,0.035,0.000,0.000,0.990,,,0.000,,0.060,0.055,False,,True,QB1 Baker Mayfield fehlt (×0.88),,3.000,fehlt (3.0 angenommen),0.240,0.000,0.000,0.703,0.804,hoch,QB-Wechsel; QB1 Baker Mayfield fehlt (×0.88),38
00-0041251,Jalon Daniels,TB,DAL,QB,QB,2,2026-10-09 02:15:00+02:00,2026_05_TB_DAL,-8.500,19.500,13.000,3.262,2,0.934,1.150,12.561,0.000,0.000,0.990,,,5.160,7.715,1.000,0.060,False,-2.555,True,"startet vermutlich für Baker Mayfield; Startet (2. Start, Mayfield Daumen out). W4: 148 Yds, 1 TD, 2 INT, 55 Rush-Yds, Real ≤ 2.2 → leicht abgewertet",,3.000,Pool,2.043,0.000,0.191,3.997,0.152,tief,"QB-Wechsel; startet vermutlich für Baker Mayfield; Startet (2. Start, Mayfield Daumen out). W4: 148 Yds, 1 TD, 2 INT, 55 Rush-Yds, Real ≤ 2.2 → leicht abgewertet",28
00-0041253,Ayden Garnes,TB,DAL,DB,DB,2,2026-10-09 02:15:00+02:00,2026_05_TB_DAL,-8.500,19.500,4.000,4.000,0,1.000,1.025,3.956,0.085,0.027,0.990,,,,,,,False,,False,,,0.000,0 (noch kein Saisonspiel),0.810,0.081,0.000,1.944,0.424,hoch,keine Spiele 2026,285
00-0041502,Josiah Trotter,TB,DAL,LB,LB,1,2026-10-09 02:15:00+02:00,2026_05_TB_DAL,-8.500,19.500,8.026,7.000,3,1.000,0.995,7.835,0.087,0.036,0.990,,,16.667,,0.830,0.870,False,,False,,,0.900,Pool,1.529,0.083,0.142,3.281,0.225,mittel,,285
00-0041537,Malachi Lawrence,DAL,TB,LB,LB,2,2026-10-09 02:15:00+02:00,2026_05_TB_DAL,8.500,28.000,1.652,2.123,4,1.000,1.059,1.918,0.050,0.035,0.990,,,1.000,,0.360,0.340,False,,False,Gegner ohne QB1 (INT-Rate ×1.3),,3.000,fehlt (3.0 angenommen),0.481,0.049,0.000,1.132,0.656,hoch,Gegner ohne QB1 (INT-Rate ×1.3),285
