app_order,name,team,boost,app_status
1,T.J. Watt,PIT,0.0,Active
2,Cameron Johnston,PIT,1.3,Active
3,DK Metcalf,PIT,2.6,Active
4,Pat Freiermuth,PIT,2.4,Active
5,Corey Bojorquez,CLE,2.6,Active
6,Patrick Queen,PIT,2.6,Active
7,Denzel Boston,CLE,0.8,Active
8,Payton Wilson,PIT,2.0,Active
9,Chris Boswell,PIT,0.8,Active
10,Aaron Rodgers,PIT,0.9,Active
11,Deshaun Watson,CLE,0.3,Active
12,Andre Szmyt,CLE,0.7,Active
13,Roman Wilson,PIT,2.4,Active
14,Jaylen Warren,PIT,0.4,Active
15,Myles Harden,CLE,2.5,Active
16,Ronnie Hickman,CLE,2.2,Active
17,Quinshon Judkins,CLE,1.6,Active
18,Harold Fannin Jr.,CLE,1.1,Active
19,Mason Graham,CLE,1.4,Active
20,Alex Highsmith,PIT,1.2,Active
21,Derrick Harmon,PIT,2.7,Active
22,Jaquan Brisker,PIT,2.9,Active
23,Nick Herbig,PIT,3.0,Active
24,Darnell Washington,PIT,3.0,Active
25,Quincy Williams,CLE,3.0,Active
26,Blake Whiteheart,CLE,2.4,Active
27,Grant Delpit,CLE,3.0,Active
28,Raheim Sanders,CLE,3.0,Active
29,Sebastian Joseph-Day,PIT,3.0,Active
30,Isaiah McGuire,CLE,2.8,Active
31,Carson Schwesinger,CLE,3.0,Active
32,Michael Pittman Jr.,PIT,3.0,Active
33,Mekhi Blackmon,CLE,3.0,Active
34,KC Concepcion Jr.,CLE,3.0,Active
35,Jalen Ramsey,PIT,3.0,Questionable
36,Rico Dowdle,PIT,3.0,Out
37,Jamel Dean,PIT,3.0,Active
38,Cameron Heyward,PIT,3.0,Active
39,Jared Verse,CLE,3.0,Active
40,Denzel Ward,CLE,3.0,Active
41,Rayshawn Jenkins,PIT,3.0,Active
42,Tyson Campbell,CLE,3.0,Active
43,Ben Skowronek,PIT,3.0,Active
44,Asante Samuel Jr.,PIT,3.0,Active
45,Germie Bernard,PIT,3.0,Active
46,Robert Spears-Jennings,PIT,3.0,Active
47,Derek Barnett,CLE,3.0,Active
48,Daylen Everette,PIT,3.0,Active
