name,team,pos
Andre Szmyt,CLE,K
Harold Fannin Jr.,CLE,TE
Quinshon Judkins,CLE,RB
Deshaun Watson,CLE,QB
Denzel Boston,CLE,WR
KC Concepcion,CLE,WR
Michael Burton,CLE,RB
Mason Graham,CLE,DL
Quincy Williams,CLE,LB
Tyson Campbell,CLE,DB
Ronnie Hickman Jr.,CLE,DB
Chris Boswell,PIT,K
Jaylen Warren,PIT,RB
T.J. Watt,PIT,LB
DK Metcalf,PIT,WR
Alex Highsmith,PIT,LB
Payton Wilson,PIT,LB
Michael Pittman,PIT,WR
Riley Nowakowski,PIT,RB
Patrick Queen,PIT,LB
Jamel Dean,PIT,DB
Aaron Rodgers,PIT,QB
Rico Dowdle,PIT,RB
Pat Freiermuth,PIT,TE
Nick Herbig,PIT,LB
