date,slot,name,team,boost,rating,player_id,slot_mult,total_mult,points,app_total,er,p10,p90,mu_fp,app_rank
2026-09-27,1,Josh Allen,BUF,0.000,2.100,00-0034857,2.000,2.000,4.200,18.440,,,,,
2026-09-27,2,Kenneth Walker III,KC,0.000,4.200,00-0038134,1.800,1.800,7.560,18.440,,,,,
2026-09-27,3,Drake Maye,NE,3.000,0.000,00-0039851,1.600,4.600,0.000,18.440,,,,,
2026-09-27,4,Jaylen Waddle,DEN,1.100,1.100,00-0036613,1.400,2.500,2.750,18.440,,,,,
2026-09-27,5,Malik Nabers,NYG,3.000,0.900,00-0039337,1.200,4.200,3.780,18.440,,,,,
2026-09-28,1,DeVonta Smith,PHI,0.400,2.100,00-0036912,2.000,2.400,5.040,27.000,2.857,0.050,6.049,13.606,9021/18000
2026-09-28,2,Jalen Hurts,PHI,0.200,1.500,00-0036389,1.800,2.000,3.000,27.000,2.625,0.000,5.882,19.375,9021/18000
2026-09-28,3,Saquon Barkley,PHI,2.000,2.700,00-0034844,1.600,3.600,9.720,27.000,2.352,0.004,4.953,13.435,9021/18000
2026-09-28,4,Rome Odunze,CHI,2.200,1.500,00-0039919,1.400,3.600,5.400,27.000,1.423,0.000,3.266,7.603,9021/18000
2026-09-28,5,Makai Lemon,PHI,3.000,0.900,00-0040867,1.200,4.200,3.780,27.000,1.102,0.000,2.587,6.109,9021/18000
