date,player_id,name,team,opp,group,boost,boost_src,mu_fp,er,p10,p90,p_play,flags
2026-09-28,00-0028986,Case Keenum,CHI,PHI,QB,0.000,fehlt (0.0 angenommen),12.000,0.988,0.000,2.826,0.950,"keine Spiele 2026; startet laut Glazer/ESPN für C. Williams (Hamstring, out); 38 J., erster Start seit 2023"
2026-09-28,00-0031203,Cairo Santos,CHI,PHI,K,0.300,Pool,6.576,1.433,0.000,3.402,0.990,QB1 Caleb Williams fehlt (×0.92)
2026-09-28,00-0031583,Grady Jarrett,CHI,PHI,DL,0.000,fehlt (0.0 angenommen),2.771,0.201,0.000,0.652,0.990,
2026-09-28,00-0032464,Kalif Raymond,CHI,PHI,WR,1.400,Pool,4.747,0.825,0.000,2.070,0.990,Rolle↓; QB1 Caleb Williams fehlt (×0.85)
2026-09-28,00-0032580,Jonathan Jones,PHI,CHI,DB,0.000,fehlt (0.0 angenommen),4.609,0.399,0.000,1.046,0.990,keine Spiele 2026; Gegner ohne QB1 (×1.08)
2026-09-28,00-0033246,Johnny Mundt,PHI,CHI,TE,0.000,fehlt (0.0 angenommen),2.276,0.352,0.000,1.112,0.990,
2026-09-28,00-0033579,Xavier Woods,CHI,PHI,DB,0.000,fehlt (0.0 angenommen),3.992,0.321,0.000,0.888,0.990,
2026-09-28,00-0033787,Jake Elliott,PHI,CHI,K,1.300,Pool,6.240,1.385,0.000,3.386,0.990,
2026-09-28,00-0034320,Kentavius Street,CHI,PHI,DL,3.000,Pool,3.912,0.339,0.000,0.978,0.990,
2026-09-28,00-0034351,Dallas Goedert,PHI,CHI,TE,1.300,Pool,9.534,0.000,0.000,0.000,0.000,Out (Knee); Rolle↓
2026-09-28,00-0034844,Saquon Barkley,PHI,CHI,RB,2.000,Pool,13.435,2.352,0.004,4.953,0.990,"Rolle↓; W2 nach Stinger früh raus (16 % Snaps) – kein Rollenverlust, Fr voll trainiert"
2026-09-28,00-0034993,Marcus Epps,PHI,CHI,DB,3.000,Pool,2.831,0.192,0.000,0.603,0.990,Gegner ohne QB1 (×1.08)
2026-09-28,00-0035357,Cam Lewis,CHI,PHI,DB,3.000,Pool,3.770,0.294,0.000,0.837,0.990,
2026-09-28,00-0035386,T.J. Edwards,CHI,PHI,LB,0.000,fehlt (0.0 angenommen),5.200,0.465,0.000,1.167,0.990,
2026-09-28,00-0035525,Devin Bush,CHI,PHI,LB,2.100,Pool,8.077,0.837,0.000,1.870,0.990,
2026-09-28,00-0035647,Montez Sweat,CHI,PHI,DL,3.000,Pool,5.975,0.607,0.000,1.613,0.990,
2026-09-28,00-0036192,A.J. Epenesa,PHI,CHI,DL,0.000,fehlt (0.0 angenommen),3.561,0.286,0.000,0.880,0.990,Gegner ohne QB1 (×1.08)
2026-09-28,00-0036224,Jonathan Greenard,PHI,CHI,LB,0.000,fehlt (0.0 angenommen),6.518,0.487,0.000,1.358,0.750,Questionable (Pectoral); keine Spiele 2026; Gegner ohne QB1 (×1.08)
2026-09-28,00-0036275,D'Andre Swift,CHI,PHI,RB,0.000,Pool,13.122,2.309,0.044,4.810,0.990,QB1 Caleb Williams fehlt (×0.94)
2026-09-28,00-0036290,Cole Kmet,CHI,PHI,TE,1.600,Pool,2.926,0.468,0.000,1.351,0.990,Rolle↓; QB1 Caleb Williams fehlt (×0.88)
2026-09-28,00-0036292,Jaylon Johnson,CHI,PHI,DB,3.000,Pool,3.748,0.290,0.000,0.834,0.990,
2026-09-28,00-0036366,Neville Gallimore,CHI,PHI,DL,0.000,fehlt (0.0 angenommen),2.689,0.195,0.000,0.619,0.990,
2026-09-28,00-0036389,Jalen Hurts,PHI,CHI,QB,0.200,Pool,19.375,2.625,0.000,5.882,0.990,
2026-09-28,00-0036418,Zack Baun,PHI,CHI,LB,2.100,Pool,9.823,1.104,0.000,2.333,0.990,Gegner ohne QB1 (×1.08)
2026-09-28,00-0036480,Dayo Odeyingbo,CHI,PHI,DL,3.000,Pool,3.678,0.307,0.000,0.911,0.990,
2026-09-28,00-0036912,DeVonta Smith,PHI,CHI,WR,0.400,Pool,13.606,2.857,0.050,6.049,0.970,"Hamstring: Do Pause, Fr zurück, ohne Status – leichtes Rückfallrisiko"
2026-09-28,00-0036980,Elijah Moore,PHI,CHI,WR,0.000,fehlt (0.0 angenommen),3.590,0.592,0.000,1.567,0.990,keine Spiele 2026
2026-09-28,00-0037073,Jordan Davis,PHI,CHI,DL,0.000,fehlt (0.0 angenommen),3.142,0.248,0.000,0.788,0.990,Gegner ohne QB1 (×1.08)
2026-09-28,00-0037079,Riq Woolen,PHI,CHI,DB,3.000,Pool,3.772,0.305,0.000,0.856,0.990,Gegner ohne QB1 (×1.08)
2026-09-28,00-0037109,Jack Sanborn,CHI,PHI,LB,0.000,fehlt (0.0 angenommen),4.168,0.332,0.000,0.904,0.990,
2026-09-28,00-0038386,Jalen Carter,PHI,CHI,DL,3.000,Pool,5.590,0.532,0.000,1.424,0.990,Gegner ohne QB1 (×1.08)
2026-09-28,00-0038393,Dontayvion Wicks,PHI,CHI,WR,0.700,Pool,8.143,1.597,0.000,3.578,0.990,Rolle↓
2026-09-28,00-0038412,Moro Ojomo,PHI,CHI,DL,3.000,Pool,3.818,0.324,0.000,0.943,0.990,Gegner ohne QB1 (×1.08)
2026-09-28,00-0038498,E.J. Jenkins,PHI,CHI,TE,0.000,fehlt (0.0 angenommen),1.405,0.230,0.000,0.831,0.990,keine Spiele 2026
2026-09-28,00-0038555,Tank Bigsby,PHI,CHI,RB,3.000,Pool,4.583,0.631,0.000,1.706,0.990,
2026-09-28,00-0038568,Clark Phillips III,CHI,PHI,DB,0.000,fehlt (0.0 angenommen),4.534,0.387,0.000,1.013,0.990,keine Spiele 2026
2026-09-28,00-0039013,Nolan Smith,PHI,CHI,LB,3.000,Pool,5.560,0.494,0.000,1.207,0.990,Gegner ohne QB1 (×1.08)
2026-09-28,00-0039071,Tyrique Stevenson,CHI,PHI,DB,3.000,Pool,6.323,0.606,0.000,1.435,0.990,
2026-09-28,00-0039140,Kelee Ringo,PHI,CHI,DB,0.000,fehlt (0.0 angenommen),3.104,0.224,0.000,0.675,0.990,keine Spiele 2026; Gegner ohne QB1 (×1.08)
2026-09-28,00-0039740,Jalyx Hunt,PHI,CHI,LB,3.000,Pool,7.453,0.760,0.000,1.741,0.990,Gegner ohne QB1 (×1.08)
2026-09-28,00-0039746,Will Shipley,PHI,CHI,RB,3.000,Pool,2.516,0.299,0.000,0.982,0.990,
2026-09-28,00-0039840,Austin Booker,CHI,PHI,DL,3.000,Pool,4.701,0.436,0.000,1.234,0.990,Rolle↓
2026-09-28,00-0039841,Cooper DeJean,PHI,CHI,DB,3.000,Pool,6.792,0.694,0.000,1.620,0.990,Gegner ohne QB1 (×1.08)
2026-09-28,00-0039888,Quinyon Mitchell,PHI,CHI,DB,3.000,Pool,4.299,0.361,0.000,0.973,0.990,Gegner ohne QB1 (×1.08)
2026-09-28,00-0039918,Caleb Williams,CHI,PHI,QB,0.300,Pool,16.531,0.000,0.000,0.000,0.000,Out (Hamstring); Rolle↓
2026-09-28,00-0039919,Rome Odunze,CHI,PHI,WR,2.200,Pool,7.603,1.423,0.000,3.266,0.990,QB1 Caleb Williams fehlt (×0.85)
2026-09-28,00-0040024,Darius Cooper,PHI,CHI,WR,0.700,Pool,3.038,0.476,0.000,1.368,0.990,
2026-09-28,00-0040071,Mac McWilliams,PHI,CHI,DB,0.000,fehlt (0.0 angenommen),4.656,0.401,0.000,1.052,0.990,keine Spiele 2026; Gegner ohne QB1 (×1.08)
2026-09-28,00-0040126,Colston Loveland,CHI,PHI,TE,0.000,fehlt (0.0 angenommen),4.875,0.848,0.000,2.206,0.990,Pech -5.5 FP vs xFP; QB1 Caleb Williams fehlt (×0.88)
2026-09-28,00-0040236,Kyle Monangai,CHI,PHI,RB,0.400,Pool,7.132,1.117,0.000,2.684,0.990,QB1 Caleb Williams fehlt (×0.94)
2026-09-28,00-0040277,Jahdae Walker,CHI,PHI,WR,3.000,Pool,2.236,0.347,0.000,1.092,0.990,QB1 Caleb Williams fehlt (×0.85)
2026-09-28,00-0040708,Jihaad Campbell,PHI,CHI,LB,2.300,Pool,8.656,0.930,0.000,2.016,0.990,Gegner ohne QB1 (×1.08)
2026-09-28,00-0040735,Luther Burden III,CHI,PHI,WR,2.500,Pool,5.677,1.031,0.000,2.495,0.990,QB1 Caleb Williams fehlt (×0.85)
2026-09-28,00-0040749,Andrew Mukuba,PHI,CHI,DB,0.000,fehlt (0.0 angenommen),4.151,0.331,0.000,0.924,0.990,Gegner ohne QB1 (×1.08)
2026-09-28,00-0040867,Makai Lemon,PHI,CHI,WR,0.000,fehlt (0.0 angenommen),5.554,0.979,0.000,2.348,0.990,Rolle↓
2026-09-28,00-0041051,Zavion Thomas,CHI,PHI,WR,0.000,fehlt (0.0 angenommen),3.671,0.587,0.000,1.620,0.990,QB1 Caleb Williams fehlt (×0.85)
2026-09-28,00-0041060,Malik Muhammad,CHI,PHI,DB,1.200,Pool,6.381,0.622,0.000,1.491,0.990,
2026-09-28,00-0041085,Keyshaun Elliott,CHI,PHI,LB,0.000,fehlt (0.0 angenommen),4.791,0.410,0.000,1.050,0.990,keine Spiele 2026
2026-09-28,00-0041110,Jordan van den Berg,CHI,PHI,DL,0.000,fehlt (0.0 angenommen),2.709,0.200,0.000,0.651,0.990,
2026-09-28,00-0041175,Skyler Thomas,CHI,PHI,DB,0.000,fehlt (0.0 angenommen),3.023,0.213,0.000,0.655,0.990,
2026-09-28,00-0041538,Dillon Thieneman,CHI,PHI,DB,2.800,Pool,7.389,0.747,0.000,1.757,0.990,
2026-09-28,00-0041558,Sam Roush,CHI,PHI,TE,0.000,fehlt (0.0 angenommen),1.355,0.215,0.000,0.779,0.990,QB1 Caleb Williams fehlt (×0.88)
