date,player_id,name,team,rating
2026-09-27,00-0034857,Josh Allen,BUF,2.100
2026-09-27,00-0038134,Kenneth Walker III,KC,4.200
2026-09-27,00-0039851,Drake Maye,NE,0.000
2026-09-27,00-0036613,Jaylen Waddle,DEN,1.100
2026-09-27,00-0039337,Malik Nabers,NYG,0.900
2026-09-28,00-0028986,Case Keenum,CHI,4.400
2026-09-28,00-0035386,T.J. Edwards,CHI,4.200
2026-09-28,00-0032464,Kalif Raymond,CHI,4.000
2026-09-28,00-0041538,Dillon Thieneman,CHI,3.300
2026-09-28,00-0039888,Quinyon Mitchell,PHI,3.300
2026-09-28,00-0031203,Cairo Santos,CHI,3.300
2026-09-28,00-0040735,Luther Burden III,CHI,3.200
2026-09-28,00-0036275,D'Andre Swift,CHI,3.100
2026-09-28,00-0034844,Saquon Barkley,PHI,2.700
2026-09-28,00-0033579,Xavier Woods,CHI,2.400
2026-09-28,00-0039840,Austin Booker,CHI,2.100
2026-09-28,00-0036912,DeVonta Smith,PHI,2.100
2026-09-28,00-0036418,Zack Baun,PHI,2.100
2026-09-28,00-0039919,Rome Odunze,CHI,1.500
2026-09-28,00-0036389,Jalen Hurts,PHI,1.500
2026-09-28,00-0036292,Jaylon Johnson,CHI,1.400
2026-09-28,00-0036313,Braden Mann,PHI,1.300
2026-09-28,00-0036480,Dayo Odeyingbo,CHI,1.200
2026-09-28,00-0035647,Montez Sweat,CHI,1.200
2026-09-28,00-0039841,Cooper DeJean,PHI,1.100
2026-09-28,00-0040867,Makai Lemon,PHI,0.900
2026-09-28,00-0040236,Kyle Monangai,CHI,1.100
2026-09-28,00-0040126,Colston Loveland,CHI,1.100
2026-09-28,00-0038393,Dontayvion Wicks,PHI,1.000
2026-09-28,00-0035525,Devin Bush,CHI,1.000
2026-09-28,00-0039745,Tory Taylor,CHI,0.800
2026-09-28,00-0038386,Jalen Carter,PHI,0.800
2026-09-28,00-0040749,Andrew Mukuba,PHI,0.800
2026-09-28,00-0034993,Marcus Epps,PHI,0.800
2026-09-28,00-0040708,Jihaad Campbell,PHI,0.800
2026-09-28,00-0036501,Michael Carter II,PHI,0.600
2026-09-28,00-0037079,Riq Woolen,PHI,0.600
2026-09-28,00-0039013,Nolan Smith,PHI,0.600
2026-09-28,00-0041558,Sam Roush,CHI,0.600
2026-09-28,00-0041060,Malik Muhammad,CHI,0.400
2026-09-28,00-0035357,Cam Lewis,CHI,0.400
2026-09-28,00-0039740,Jalyx Hunt,PHI,0.400
2026-09-28,00-0039746,Will Shipley,PHI,0.300
2026-09-28,00-0033787,Jake Elliott,PHI,0.300
2026-09-28,00-0030061,Zach Ertz,PHI,0.300
2026-09-28,00-0037843,Daniel Hardy,CHI,0.200
2026-09-28,00-0037312,Chance Campbell,PHI,0.200
2026-09-28,00-0036224,Jonathan Greenard,PHI,0.200
2026-09-28,00-0036366,Neville Gallimore,CHI,0.200
2026-09-28,00-0037096,Elijah Hicks,CHI,0.200
2026-09-13,00-0031136,Chris Boswell,PIT,2.000
2026-09-13,00-0036333,Alex Highsmith,PIT,2.500
2026-09-13,00-0035640,DK Metcalf,PIT,1.400
2026-09-13,00-0036252,Michael Pittman,PIT,2.000
2026-09-13,00-0041547,KC Concepcion,CLE,1.300
2026-09-20,00-0031136,Chris Boswell,PIT,0.600
2026-09-20,00-0036333,Alex Highsmith,PIT,2.200
2026-09-20,00-0035640,DK Metcalf,PIT,0.800
2026-09-20,00-0041547,KC Concepcion,CLE,0.700
2026-09-27,00-0031136,Chris Boswell,PIT,5.800
2026-09-27,00-0035640,DK Metcalf,PIT,2.200
2026-09-27,00-0036252,Michael Pittman,PIT,0.600
2026-09-27,00-0041547,KC Concepcion,CLE,0.300
2026-09-13,00-0036323,Patrick Queen,PIT,0.400
2026-09-13,00-0035699,Jamel Dean,PIT,0.600
2026-09-13,00-0040784,Quinshon Judkins,CLE,1.500
2026-09-20,00-0036323,Patrick Queen,PIT,2.500
2026-09-20,00-0035699,Jamel Dean,PIT,0.400
2026-09-20,00-0040784,Quinshon Judkins,CLE,1.700
2026-09-27,00-0036323,Patrick Queen,PIT,1.500
2026-09-27,00-0035699,Jamel Dean,PIT,1.200
2026-09-27,00-0040784,Quinshon Judkins,CLE,2.800
2026-10-01,00-0033886,T.J. Watt,PIT,5.300
2026-10-01,00-0038428,Andre Szmyt,CLE,4.900
2026-10-01,00-0040784,Quinshon Judkins,CLE,4.300
2026-10-01,00-0037228,Jaylen Warren,PIT,4.200
2026-10-01,00-0023459,Aaron Rodgers,PIT,3.900
2026-10-01,00-0035640,DK Metcalf,PIT,3.800
2026-10-01,00-0041401,Robert Spears-Jennings,PIT,3.800
2026-10-01,00-0036282,Grant Delpit,CLE,3.300
2026-10-01,00-0039739,Roman Wilson,PIT,3.200
2026-10-01,00-0041037,Denzel Boston,CLE,3.100
2026-10-01,00-0034856,Denzel Ward,CLE,3.100
2026-10-01,00-0033537,Deshaun Watson,CLE,2.700
2026-10-01,00-0041547,KC Concepcion,CLE,2.200
2026-10-01,00-0039741,Payton Wilson,PIT,2.000
2026-10-01,00-0034721,Corey Bojorquez,CLE,2.000
2026-10-01,00-0033729,Cameron Johnston,PIT,2.000
2026-10-01,00-0038794,Jaleel McLaughlin,CLE,1.800
2026-10-01,00-0033131,Maliek Collins,CLE,1.800
2026-10-01,00-0038558,Darnell Washington,PIT,1.700
2026-10-01,00-0040663,Harold Fannin Jr.,CLE,1.700
2026-10-01,00-0036894,Pat Freiermuth,PIT,1.600
2026-10-01,00-0036974,Tyson Campbell,CLE,1.500
2026-10-01,00-0038574,Isaiah McGuire,CLE,1.400
2026-10-01,00-0036407,Jerry Jeudy,CLE,1.300
2026-10-01,00-0037665,Sam Williams,CLE,1.200
2026-10-01,00-0039895,Mike Hall Jr.,CLE,1.200
2026-10-01,00-0040255,Adin Huntington,CLE,1.200
2026-10-01,00-0041471,Emmanuel McNeil-Warren,CLE,1.000
2026-10-01,00-0036617,Asante Samuel Jr.,PIT,0.900
2026-10-01,00-0041393,Daylen Everette,PIT,0.800
2026-10-01,00-0038135,Jaquan Brisker,PIT,0.800
2026-10-01,00-0038715,Ronnie Hickman Jr.,CLE,0.600
2026-10-01,00-0036333,Alex Highsmith,PIT,0.600
2026-10-01,00-0039852,Jared Verse,CLE,0.600
2026-10-01,00-0027969,Cameron Heyward,PIT,0.600
2026-10-01,00-0040579,Carson Schwesinger,CLE,0.600
2026-10-01,00-0036323,Patrick Queen,PIT,0.600
2026-10-01,00-0040466,Raheim Sanders,CLE,0.600
2026-10-01,00-0036252,Michael Pittman,PIT,0.500
2026-10-01,00-0035680,Quincy Williams,CLE,0.400
2026-10-01,00-0036306,Daniel Thomas,CLE,0.400
2026-10-01,00-0040188,Yahya Black,PIT,0.400
2026-10-01,00-0040263,Donovan McMillon,CLE,0.400
2026-10-01,00-0039110,Keeanu Benton,PIT,0.400
2026-10-01,00-0039417,Myles Harden,CLE,0.400
2026-10-01,00-0041489,Germie Bernard,PIT,0.400
2026-10-01,00-0031136,Chris Boswell,PIT,0.300
2026-10-01,00-0035699,Jamel Dean,PIT,0.300
2026-10-01,00-0036862,Ben Skowronek,PIT,0.200
2026-10-01,00-0041115,Toriano Pride Jr.,CLE,0.200
