who,slot,name,team,boost,rating,total,rank,field
m,1,Jaylen Warren,PIT,0.4,4.2,45.19,5606,16200
m,2,Aaron Rodgers,PIT,0.9,3.9,45.19,5606,16200
m,3,Harold Fannin Jr.,CLE,1.1,1.7,45.19,5606,16200
m,4,Cameron Johnston,PIT,1.3,2.0,45.19,5606,16200
m,5,DK Metcalf,PIT,2.6,3.8,45.19,5606,16200
j,1,Aaron Rodgers,PIT,0.9,3.9,47.44,4233,16200
j,2,T.J. Watt,PIT,0.0,5.3,47.44,4233,16200
j,3,DK Metcalf,PIT,2.6,3.8,47.44,4233,16200
j,4,Harold Fannin Jr.,CLE,1.1,1.7,47.44,4233,16200
j,5,Denzel Boston,CLE,0.8,3.1,47.44,4233,16200
