name,team,rating
T.J. Watt,PIT,5.3
Andre Szmyt,CLE,4.9
Quinshon Judkins,CLE,4.3
Jaylen Warren,PIT,4.2
Aaron Rodgers,PIT,3.9
DK Metcalf,PIT,3.8
Robert Spears-Jennings,PIT,3.8
Grant Delpit,CLE,3.3
Roman Wilson,PIT,3.2
Denzel Boston,CLE,3.1
Denzel Ward,CLE,3.1
Deshaun Watson,CLE,2.7
KC Concepcion Jr.,CLE,2.2
Payton Wilson,PIT,2.0
Corey Bojorquez,CLE,2.0
Cameron Johnston,PIT,2.0
J. McLaughlin,CLE,1.8
Maliek Collins,CLE,1.8
Darnell Washington,PIT,1.7
Harold Fannin Jr.,CLE,1.7
Pat Freiermuth,PIT,1.6
Tyson Campbell,CLE,1.5
Isaiah McGuire,CLE,1.4
Jerry Jeudy,CLE,1.3
S. Williams,CLE,1.2
Mike Hall Jr.,CLE,1.2
A. Huntington,CLE,1.2
Emmanuel McNeil-Warren,CLE,1.0
Asante Samuel Jr.,PIT,0.9
Daylen Everette,PIT,0.8
Jaquan Brisker,PIT,0.8
Ronnie Hickman,CLE,0.6
Alex Highsmith,PIT,0.6
Jared Verse,CLE,0.6
Cameron Heyward,PIT,0.6
Carson Schwesinger,CLE,0.6
Patrick Queen,PIT,0.6
Raheim Sanders,CLE,0.6
Michael Pittman Jr.,PIT,0.5
Quincy Williams,CLE,0.4
D. Thomas,CLE,0.4
Yahya Black,PIT,0.4
D. McMillon,CLE,0.4
Keeanu Benton,PIT,0.4
Myles Harden,CLE,0.4
Germie Bernard,PIT,0.4
Chris Boswell,PIT,0.3
Jamel Dean,PIT,0.3
Ben Skowronek,PIT,0.2
T. Pride Jr.,CLE,0.2
